Ciudad,Clave cd,Entidad,Derecho,MA,Sociedad,Político,Gobierno,Mercado laboral,Economía,Precursores,RI,Innovación,GENERAL
Aguascalientes,1,Aguascalientes,76.8503225119,66.8919415004,53.464911934,52.8986786258,71.243935484,42.0915333218,45.5566336956,45.2559682479,30.0147526941,18.6356415391,51.2757595738
Ensenada,55,Baja California,46.8500932894,54.1653086648,48.5383446128,38.4173602055,52.9729500551,44.6464383305,46.4710567228,40.3652016397,16.3143576966,12.3766513676,40.9222127336
Mexicali,3,Baja California,43.4841355088,70.4641619062,49.1708928238,38.506795636,60.5960030633,47.7243194796,50.3665426897,49.3699571759,28.2996735361,15.4372133684,46.3439427404
Tijuana,2,Baja California,53.5585351739,67.8732822886,48.9095501968,35.7386517807,62.4102005659,50.7965704978,39.8465279234,53.1657019066,23.0279545136,10.6769070617,45.7691926498
La Paz,56,Baja California Sur,73.776777157,67.6152381779,56.2528736775,66.6952017871,55.2301838684,52.5207875274,48.3378547725,49.6051870036,35.0091558342,23.4223908654,53.1845316504
Los Cabos,57,Baja California Sur,74.9287677541,71.3733118229,53.1463059584,33.9683895909,69.100401744,55.0654084054,46.9110521995,54.9664925797,74.0757744256,17.2550487574,56.3186306597
Campeche,58,Campeche,77.0426067555,58.2264872437,59.6382139598,59.0832332764,64.5987184078,50.9816953695,45.7313573156,49.1757798386,25.2477126447,12.4727341824,51.1104420602
Ciudad del Carmen,59,Campeche,71.5946603981,69.6008608048,45.041028891,42.670154925,60.638217071,50.7025513637,36.2081775007,51.2277555614,22.4306587417,19.0416472664,47.6963789684
Saltillo,5,Coahuila,71.8588230439,56.4973543928,52.1230321846,64.0739348559,62.9559029523,55.6573127743,44.9330434347,49.9215238935,23.4812630797,30.1128422897,51.4403542503
Monclova-Frontera,6,Coahuila,69.767307741,56.9287964491,49.52576362,66.0185983918,59.1045550967,51.513502383,30.9129358931,46.939284161,20.0409869984,24.9242686658,47.8096012345
La Laguna,4,Coahuila,47.007141429,55.1114896232,46.7597147671,41.9776704025,52.6907341615,51.6131886035,43.9296102003,43.920283373,23.8788352993,17.9061085638,43.0415117269
Piedras Negras,7,Coahuila,69.1329681209,65.2813827553,46.6762224279,60.5256092759,54.9429923868,41.9379760992,27.9607995682,48.3252572042,22.9477036519,24.9739584507,46.6738877516
Tecomán,9,Colima,52.6484930324,54.7044883748,48.6916136875,42.0404042527,53.6783238099,49.8812937705,33.441159812,27.9887603854,14.6545212281,8.8155843838,39.1765353446
Colima-Villa de Álvarez,8,Colima,59.2141300629,63.1910701688,54.1333516091,57.623014852,59.6145679948,50.3769741762,49.2212658389,43.4820969494,15.114962842,13.3112634616,47.161154804
Manzanillo,60,Colima,52.2517950128,58.4022784341,49.9014372712,43.6990145084,67.7793655375,49.9970133493,45.0725671077,45.3087859456,36.9958499141,16.1901692457,47.4871678789
Tuxtla Gutiérrez,10,Chiapas,71.1731088882,62.5905785264,55.0212847592,51.0471757209,49.8133271765,48.0788586863,40.8187007541,41.1862263258,7.5575377551,8.1652915172,44.2256976645
Tapachula,61,Chiapas,70.2375568401,62.993675251,34.3709112407,48.7998168366,34.5132582697,48.3401533002,43.429182764,27.7639477305,10.6045720482,9.2660558933,38.8837792758
Chihuahua,12,Chihuahua,54.2221702257,67.1281878231,57.4194499526,40.7153998767,68.1390093192,47.1437417085,46.8901539022,57.5107256291,39.4270624597,24.2880494636,51.5219278883
Juárez,11,Chihuahua,54.7066236536,75.465004813,51.9255216828,30.4922619098,60.4849690287,55.2244077963,40.9059801638,44.2482037465,27.3179028977,9.1053174606,46.0648665611
Valle de México,13,Distrito Federal,49.8433850679,50.2079087896,64.5085049225,45.2581013057,59.7997619929,41.1511371529,59.6665217019,69.636614491,64.2091140342,68.4215196478,57.961501112
Durango,62,Durango,64.216415519,75.8333622963,54.0103127726,43.2717045498,57.9396517086,43.9151140907,37.6345507859,38.5686117895,22.2483645254,15.7565879891,46.1729962729
Celaya,63,Guanajuato,59.5752948815,51.6952285666,44.184853193,43.9714198644,53.7953419585,44.6438246971,42.5736023868,33.4595977521,21.597647993,14.2665324324,41.482220622
Guanajuato,64,Guanajuato,78.6179633195,57.7468074865,61.0732160223,47.9779932774,69.0426954437,34.1907395437,47.3844036144,40.9484506523,21.0154397448,16.9378225244,48.7445081201
Irapuato,65,Guanajuato,61.7747143761,60.2318230467,53.9028775038,46.9767472683,56.8114611732,37.2172140975,51.0169189577,22.9793914413,16.9794719856,12.1748551797,42.6638038179
León,14,Guanajuato,67.883820766,57.6653663158,51.7475639487,43.928772148,59.16842855,33.3012726395,46.1405527526,42.1949223852,28.2408778887,15.4521493604,45.6256968618
La Piedad-Pénjamo,26,Guanajuato,63.8201359682,51.8165252269,35.623484448,37.3143009404,51.1936788866,50.5900352946,41.2535289628,21.2536461793,10.6871236215,8.1002104258,37.3883578216
San Francisco del Rincón,15,Guanajuato,68.8932118076,46.2321254393,50.6794468937,43.3322472801,50.0249834644,38.2304107673,38.6951418549,27.3919575248,13.5714245767,7.5016357614,39.139446536
Salamanca,66,Guanajuato,64.4112873854,60.0303044634,50.2357101011,44.3352749306,58.753743565,50.5959747751,41.3582985804,28.8464728596,18.8016488267,5.1547276772,42.9163286007
Moroléon-Uriangato,78,Guanajuato,71.3006338153,50.4081596836,39.5604143966,40.1323863438,35.5228160379,63.3487725835,38.4810613384,30.647674403,13.0428716914,7.0049294854,38.8809816114
Acapulco,16,Guerrero,24.1050202399,65.424258432,37.9049193423,26.005069773,42.6937949966,38.5385346495,45.0057661461,33.243435927,21.4713224362,2.771736931,34.5275949565
Chilpancingo,77,Guerrero,57.2057217234,58.1461501682,47.271787673,41.8974180829,40.1194205777,38.6384872458,56.0886815335,27.8596557907,17.6270507534,4.571225427,39.4769244972
Tula,19,Hidalgo,60.6375264179,61.6689216118,42.1915974393,70.9251191612,46.2743110342,64.0319208333,39.7288830957,35.3891204775,3.4838939827,5.4088099029,42.70822728
Tulancingo,18,Hidalgo,65.7364923406,39.6336926272,48.0791614093,67.2057890847,36.9515230437,43.0656969791,34.5960853511,27.0218197429,4.5502768966,5.6631834561,37.1984387208
Pachuca,17,Hidalgo,65.0951600175,44.6214814112,52.4975866991,71.2332934462,49.9634527265,46.5452348685,42.7447362392,39.0015996436,11.2719553733,13.5030098773,43.8382211885
Guadalajara,20,Jalisco,60.8038479649,62.846250417,54.9392408963,45.6329858662,60.5312005173,48.5095116908,51.388058707,61.120452173,37.1027579748,21.9691229095,51.5397525735
Ocotlán,22,Jalisco,62.8355716499,54.5639870614,48.0303213543,42.6293037728,50.1369897351,50.9960434102,38.7390439605,30.9157501313,19.033310496,14.4659547061,41.6111039037
Puerto Vallarta,21,Jalisco,59.6226813532,70.0908726201,49.4333333315,36.9342829738,65.9899351919,53.6402805491,41.1938025745,53.5881392186,52.9552278521,18.3767140654,51.2319414571
Toluca,23,México,50.7148747018,54.2360980435,46.5093700162,49.2693851777,39.5654848199,38.366716395,51.2005297241,34.1981834836,27.7313788776,12.225696872,40.7691923011
Zamora-Jacona,25,Michoacán,65.5480318382,59.499139806,43.9276699491,29.9290088535,53.0054633206,50.5239970631,57.9386340755,33.8018134712,7.8044927598,17.9871023743,42.5678561185
Morelia,24,Michoacán,64.0445563485,65.0305575642,50.0153855275,40.9727860119,58.7773935429,49.6720900417,47.2314569233,41.0624921959,35.4281747619,18.0779609909,47.7558234906
Uruapan,67,Michoacán,65.6233190274,55.6821165755,55.0489193873,32.174538363,56.6255567564,52.4758533912,49.8051142303,33.0134494387,8.7686471946,13.6239982055,43.0958106358
Cuautla,28,Morelos,46.9853796728,62.6623722792,49.2899266749,45.5070925908,48.4239815221,39.1795592899,42.7188326126,34.2138427784,11.1899375754,26.410106147,41.0306687459
Cuernavaca,27,Morelos,40.2846863464,72.4440344841,51.4074053353,57.2692876302,55.7080876934,38.9423684933,43.9573395619,38.9400279581,20.0567978964,26.9325645957,45.0037175199
Tepic,29,Nayarit,62.8715552093,67.2628848967,53.2121727752,61.4467564865,58.6752118716,47.96020744,43.5108624175,45.1665361714,23.0680903843,10.2543792156,48.0019501044
Monterrey,30,Nuevo León,68.7904058023,62.9618597021,58.0317534261,14.7900778669,64.0190918847,49.3605035871,55.13261474,64.4842476162,45.6229562485,42.029531915,53.919625213
Oaxaca,31,Oaxaca,67.6764253679,35.3789227747,48.5365724474,59.3487251072,45.996678428,44.1401015263,46.2588708834,48.159439032,22.2552542207,15.3792003887,43.7375777003
Tehuantepec-Salina Cruz,32,Oaxaca,66.0829277606,65.9665066771,41.9598856888,46.4996865156,55.2219996402,75.751249281,42.6076271007,34.9971817784,16.5322081649,5.6142792236,45.2162409807
Puebla-Tlaxcala,33,Puebla,61.1524728749,72.104285816,51.4140003461,44.6845231406,44.9492501346,46.8704674958,45.7174901632,41.819932087,30.1145930251,33.2428790347,47.4567871465
Tehuacán,34,Puebla,57.5781998219,60.8478096497,48.143921779,38.3283367775,41.1054381057,39.3651000449,40.3725572492,34.1374707582,12.7830490853,15.058481013,39.313051599
Querétaro,35,Querétaro,68.5406658688,59.7997217054,52.7019979001,47.5013091314,69.5931359553,40.635973587,55.5118155164,45.452925947,57.1253164832,31.4545769126,53.6793126756
San Juan del Río,68,Querétaro,72.3327754737,67.0696191219,47.3225988933,45.6789813558,64.5899053202,38.3948788354,34.1758661003,30.5403618605,26.5317707973,14.9462876648,44.921015027
Cancún,36,Quintana Roo,60.6086588229,74.0405877816,57.2830780578,35.8295229408,52.1624172529,48.3179737144,64.313292822,66.152905299,57.7403803985,8.9823682873,53.9790007896
Chetumal ,76,Quintana Roo,48.6193042937,57.772995797,51.1682764627,44.5310713368,39.4889856884,52.4886397151,49.8800668419,43.9853323149,8.8404302665,7.276705978,40.9406117834
Rioverde-Ciudad Fernández,38,San Luis Potosí,66.3090286891,41.4302790787,47.0271471863,35.81725297,54.8523187364,39.2878020332,38.0407670481,29.1708058271,10.9764796231,4.8877126411,37.668718359
San Luis Potosí-Soledad,37,San Luis Potosí,63.7481602968,50.346119506,54.9075389577,39.3421213851,66.9552019942,46.7464036935,54.2989068431,49.054658906,34.1448829429,23.0352006864,49.3348451551
Los Mochis,69,Sinaloa,55.3695605243,65.7819917111,54.4532454546,38.4102599643,66.3979309367,52.0513930036,46.1038605744,36.1676601813,13.2499203673,19.3327916058,45.5574490688
Culiacán,70,Sinaloa,49.1909552971,73.4612321526,55.4369984356,34.7634437304,68.6933241547,51.7818541383,68.0807014682,45.6357482683,16.0672964588,20.6016508216,49.4627875002
Mazatlán,71,Sinaloa,63.468312719,64.055642593,53.7802773944,36.6791819983,64.5384228337,52.5466905929,46.9629573756,49.3506435933,37.0707667545,23.8123721837,50.1818743655
Ciudad Obregon ,72,Sonora,62.7264745477,60.7586907524,58.6771605527,40.2545431772,62.8766392351,48.946383217,40.9518075935,52.4774948916,16.9777330968,19.3248595497,47.5354643314
Guaymas,39,Sonora,66.4334208673,45.0252659555,39.632365885,38.849801425,48.8641337907,56.3355555918,41.5061971192,47.7457920821,24.9262092107,42.5074102866,45.1756011989
Hermosillo,73,Sonora,69.1750387446,41.8561900442,63.4952938841,41.1384823463,65.6886826893,48.0501979412,49.0889816012,60.060941387,26.6548955541,26.5502255076,50.4515232886
Cárdenas,74,Tabasco,60.0874060392,67.2201939073,45.1393268472,44.0433269121,37.7662182611,43.9068355891,27.8981502661,29.4409174889,10.9740066447,5.5179248421,37.5388688723
Villahermosa,40,Tabasco,64.4571981772,63.5831162861,52.7068695127,43.2668235405,50.5288850738,36.5399281776,47.1489463828,37.251189688,21.7929269435,13.4967674487,43.9037999112
Tampico-Pánuco,41,Tamaulipas,68.6237565884,61.9960979819,51.2034560522,50.0072195488,52.4264502951,47.4827349229,45.582293397,49.227066916,29.3818807118,12.6380055817,47.6081207283
Matamoros,43,Tamaulipas,72.1932583342,64.947403163,46.0831493654,18.8924541116,51.1063846341,54.1103082454,30.6501740421,48.7981542219,17.4745658303,6.2067516784,42.2066936814
Nuevo Laredo,44,Tamaulipas,46.0105777615,65.2704223203,46.4919604269,16.8022314325,38.9803749412,48.5383867829,35.3644265693,34.4497962667,17.2287664235,13.1666388052,36.9549399482
Reynosa-Río Bravo,42,Tamaulipas,72.5397280856,65.1212473608,43.9572024673,33.0453738551,49.2283643039,47.8777277422,35.0995952593,40.8709194222,20.5723530727,8.7722931764,42.4863884302
Ciudad Victoria,75,Tamaulipas,75.0086472451,73.200380728,62.1890253079,43.5204552941,52.3143979897,48.9266478292,39.5887252578,51.9677692685,12.5689347208,10.4193343418,48.0781097793
Tlaxcala-Apizaco,45,Tlaxcala,63.057178378,64.8046489763,54.7783693767,58.0171076061,45.2798627295,43.4727645428,33.7020146736,36.4161540332,6.9768848647,12.4331902371,42.2962992507
Veracruz,46,Veracruz,61.5241931352,69.8642069373,55.9188613617,52.1820501344,57.5207241489,46.7731858408,56.196269597,50.470197344,17.0016733325,14.5250530573,49.0804444676
Córdoba,52,Veracruz,66.7293993008,51.0392536895,43.5998607723,69.9387845001,49.6464822543,47.7817560601,51.7021516582,40.3253490418,7.0396740214,13.4418519916,44.1833063986
Orizaba,49,Veracruz,58.1516442423,44.7824695598,46.9148288818,71.1301525041,52.5634133056,49.2044379218,44.5991290255,39.3734117346,7.0326284315,12.8095247767,42.7692195376
Xalapa,47,Veracruz,61.4156175048,51.1578311453,53.4667143692,66.4544640069,57.5979770536,47.2279628378,54.2854600202,40.7576100828,9.7565868247,15.4236318466,46.1604948709
Poza Rica,48,Veracruz,59.1535685564,45.5901419496,35.0173463724,62.2083446325,48.8599574395,45.4752966616,45.2113257592,31.0729299231,12.685300582,6.8928295934,39.2393595253
Coatzacoalcos,51,Veracruz,60.9866024043,53.8480949834,50.1679833738,68.2281981721,60.5524372231,56.1775691631,45.7914003988,43.8292994414,14.7943211543,9.6926504456,46.7741149865
Minatitlán,50,Veracruz,60.061260207,45.8161794934,41.7281788305,67.3596421774,48.5118198327,61.8993112635,41.4389619014,40.2337820971,9.2052450637,9.7157418345,42.4672987966
Mérida,53,Yucatán,77.2932961201,66.1726650044,51.6506047801,60.8216658384,51.12230943,45.8381021016,53.1539085983,44.0384717587,18.8847813803,21.3278792893,49.3738048277
Zacatecas-Guadalupe,54,Zacatecas,50.9510417521,47.7222783842,58.7180868922,58.6446909965,53.1972326883,47.6432125249,51.6254419103,48.2404948781,33.5053573369,19.9419478268,47.6174929002
Aguascalientes,1,Aguascalientes,74.5815332226,66.4146737287,56.6631195461,52.8986786258,64.2050416568,36.8608010299,45.538013605,46.6757920975,28.4590352609,16.3304798861,49.9350794848
Ensenada,55,Baja California,45.9983817536,53.7871466903,50.8347289893,38.4173602055,50.0422941291,43.6697938757,42.5400596606,39.4013839038,16.472034174,11.1519917728,40.0517686437
Mexicali,3,Baja California,40.8846469062,67.9413147013,48.762709443,38.506795636,54.2662891821,47.0357150885,47.2189211245,49.2459816852,29.4649118601,15.3288817865,44.7631690722
Tijuana,2,Baja California,49.6521439279,68.0143138073,50.4617898295,35.7386517807,61.4312421526,49.4080579652,41.3396356936,49.4001746085,23.2984555828,10.5502466946,45.0693975368
La Paz,56,Baja California Sur,71.1756811481,67.1718390169,57.9247162907,66.6952017871,55.6612789283,52.1906221274,50.0789975021,50.0382777995,30.0321160371,23.7279155467,52.8507906056
Los Cabos,57,Baja California Sur,74.1150876053,71.3557483826,54.4160670188,33.9683895909,67.2773334767,55.9701295282,51.5838472458,57.8043830211,68.8195416567,19.0543355836,56.6687080162
Campeche,58,Campeche,72.5138852204,58.3168584306,58.9333789486,59.0832332764,63.0273963741,49.5323581781,46.1043682266,50.0905538651,25.8384791005,12.8702129678,50.5160202914
Ciudad del Carmen,59,Campeche,72.1236812163,70.3226104775,47.0075653594,42.670154925,60.0529891179,48.0455887252,33.525969355,49.3289799568,12.5733514586,20.5492386346,46.4104973256
Saltillo,5,Coahuila,68.7409440526,55.9944873586,54.8671852064,64.0739348559,58.4363113984,53.5388536404,45.645344798,50.1414313477,23.7629565753,29.4953979156,50.7684573685
Monclova-Frontera,6,Coahuila,70.3262359877,56.0940233457,50.9236399656,66.0185983918,53.5238892524,43.6713922564,38.0105233602,45.9611940708,20.2911036259,23.4825973036,47.1435298589
La Laguna,4,Coahuila,47.5521768514,53.7118097656,49.9093574684,41.9776704025,51.3768279467,49.8146012971,44.2517028456,45.438601685,22.4004842411,17.1005923096,43.0170999835
Piedras Negras,7,Coahuila,69.5901920786,64.2036024276,44.6835814944,60.5256092759,53.1015180252,44.1223714024,28.4749980969,48.189949912,23.0545546388,24.6737442032,46.36531634
Tecomán,9,Colima,55.6523619122,54.0992571531,48.6639565333,42.0404042527,50.8383870086,47.3536268925,34.9330092205,29.0349990148,14.9177555748,7.0945456409,39.0268244534
Colima-Villa de Álvarez,8,Colima,59.6276397161,62.7742966178,54.5886599291,57.623014852,61.1356771409,50.2290519246,50.8912616481,45.5371826175,15.9315224148,11.5732236109,47.7254750402
Manzanillo,60,Colima,54.5623051354,58.2596537949,50.5629147937,43.6990145084,55.8975296104,41.1586559998,45.5252899208,43.123024434,37.017636416,16.3480097358,45.4622001084
Tuxtla Gutiérrez,10,Chiapas,70.4450202314,62.597561988,53.385408277,51.0471757209,50.8454555862,47.039434819,43.3018023559,39.7979715281,7.0801581736,5.5276343226,43.8161942526
Tapachula,61,Chiapas,70.8027836118,62.425389934,38.0082803114,48.7998168366,34.2243809395,47.0855530864,43.2724873053,30.6102001902,10.9088876956,5.9676463691,39.2462099349
Chihuahua,12,Chihuahua,46.4359866634,65.519998894,55.516929691,40.7153998767,52.7995992434,43.3276313808,48.1005569645,55.2261421917,42.6389573215,25.4796709022,48.5200983322
Juárez,11,Chihuahua,30.8551505738,75.8581742636,47.3849186175,30.4922619098,56.0392589109,54.6288330806,40.4444658201,41.3242200911,29.8404227803,10.8898529392,42.6268661097
Valle de México,13,Distrito Federal,50.4218357105,47.5400927119,63.940107798,45.2581013057,58.2229754725,40.8450590477,60.476918196,70.0311363727,66.2464086007,66.714825418,57.6655481881
Durango,62,Durango,50.5131023858,76.0717533433,56.4552263782,43.2717045498,53.7237050073,44.1256410474,37.9012067308,36.6059993546,20.1522783515,14.3655787103,44.10695973
Celaya,63,Guanajuato,59.0523042461,51.7459971399,50.0074126969,43.9714198644,52.9112817576,40.8563616345,46.2583032427,34.265172758,19.8943019448,13.925469859,41.9636611362
Guanajuato,64,Guanajuato,79.2801868864,58.0216010173,58.4589643265,47.9779932774,69.1939429137,26.909899388,47.1994684675,40.674760347,19.411538378,27.4156328045,48.6038028903
Irapuato,65,Guanajuato,61.0229680656,60.031986219,55.7485260164,46.9767472683,59.0889485729,35.4967099532,51.0146307759,23.9224776673,16.4333285423,12.6329867846,43.002256269
León,14,Guanajuato,66.2670124691,55.5945707308,53.3797318592,43.928772148,58.7959544462,29.8566890932,46.4651091698,42.8844092899,27.3249785715,15.6229792621,45.1542291731
La Piedad-Pénjamo,26,Guanajuato,62.3942982371,50.4088929056,37.0930056903,37.3143009404,44.7668717237,46.7594428181,42.4901714486,22.6223649711,10.4421171307,8.7939966327,36.5237277819
San Francisco del Rincón,15,Guanajuato,68.5433415658,45.5244501609,51.7971569334,43.3322472801,44.9370664464,38.447059444,40.1659145543,27.381516066,12.5950510257,8.0627724701,38.6814200607
Salamanca,66,Guanajuato,64.5038250101,60.3519884146,52.6464517647,44.3352749306,56.0760367338,51.5788032341,38.5429854002,29.5939573573,11.051598883,6.1463481597,42.1201499626
Moroléon-Uriangato,78,Guanajuato,68.7594591251,49.1679548256,47.4478701718,40.1323863438,35.8779378964,59.2610787,41.438076599,32.3085016591,12.3007371634,6.1674133689,39.4755638836
Acapulco,16,Guerrero,30.6823019662,64.9116594103,49.7855562929,23.3595671275,40.5139771546,36.9687442516,47.2891335952,34.8700166091,23.329650547,3.9544176311,36.624288373
Chilpancingo,77,Guerrero,57.7102377025,57.1373007669,56.8210186498,41.8974180829,36.1264466349,40.4632181511,49.4341103423,32.0002283684,17.1361757571,4.6164728714,40.0017015109
Tula,19,Hidalgo,59.9571093928,61.4745990012,42.9922012744,70.9251191612,44.0260980561,59.9728403809,40.2281743848,33.7402249894,4.4948005989,6.7491704674,42.1838540818
Tulancingo,18,Hidalgo,64.7693052432,38.9744871517,45.9647184254,67.2057890847,33.8261305653,38.3906342922,40.6418237452,26.4268634906,3.7766950184,8.3564417945,36.7158340012
Pachuca,17,Hidalgo,64.3436236463,44.1216279454,53.9933767883,71.2332934462,51.1337237884,45.0770661201,46.1210937701,36.2776083644,11.4765587637,14.3215299429,44.0107717603
Guadalajara,20,Jalisco,59.5732207472,63.0551653994,55.6988261725,45.6329858662,58.054058754,45.6151249519,52.0573685189,60.6239054031,38.5182449358,19.557062806,50.9469914011
Ocotlán,22,Jalisco,60.4203672741,54.5721621099,52.2282894692,42.6293037728,50.5547432591,44.1161805038,41.8692929238,29.4523317109,19.2241066527,12.4092728502,41.3308920306
Puerto Vallarta,21,Jalisco,56.0626331557,70.2861257568,53.5942645374,36.9342829738,67.0785419479,45.7669467066,41.2057754293,53.2212153759,52.9338001583,16.9773189795,50.6972239273
Toluca,23,México,51.9916778626,54.9193897962,48.4719044964,49.2693851777,38.3345741515,37.7466270223,52.7022399732,35.9443510754,25.8754940363,12.3998333343,41.1831248024
Zamora-Jacona,25,Michoacán,62.430373161,59.1283684598,49.2551397353,29.9290088535,53.7401975995,48.2195273032,62.2813053708,30.67194211,8.1832388945,16.415027902,42.7132888006
Morelia,24,Michoacán,63.5558961111,63.056833892,48.7848392417,40.9727860119,55.6155130608,50.3922502412,49.9196931918,40.334122407,33.1104677483,15.7615701715,46.8144560445
Uruapan,67,Michoacán,64.3520154965,55.6050911029,49.7364533093,29.5290357175,54.8075009726,48.0912380073,53.3204855389,32.6869726465,8.1826875193,10.7228488678,41.5575604
Cuautla,28,Morelos,48.4228630472,62.7652576543,50.6918573792,45.5070925908,44.3986546495,40.1156290933,45.8244077453,36.4403913353,10.591765774,27.5857610451,41.5644418537
Cuernavaca,27,Morelos,44.4173557445,71.9499381952,54.0593938529,57.2692876302,55.6440440592,35.1426836364,48.4426974422,38.891836308,19.8208253979,27.4775767593,45.8208949022
Tepic,29,Nayarit,47.0361442746,66.7245090162,55.3725086672,61.4467564865,55.799155148,47.7626297648,45.1889770419,42.5635800643,24.0679142808,11.4873368867,46.3282116222
Monterrey,30,Nuevo León,61.4487204894,60.1309928488,59.8094787249,14.7900778669,61.3632149665,48.8790427495,53.4284621854,64.6343936898,46.8970297883,46.0607095164,53.0673239021
Oaxaca,31,Oaxaca,63.851417225,34.2191039306,49.2212638091,59.3487251072,45.0737051282,37.9312829442,48.1770946697,46.0641375944,22.7885248789,16.4629067532,42.7858566966
Tehuantepec-Salina Cruz,32,Oaxaca,65.8981265502,65.6924839964,42.9845398884,46.4996865156,49.7327743348,77.2047545347,39.8295156755,33.1140863784,15.5300206367,9.4730332624,44.4889793315
Puebla-Tlaxcala,33,Puebla,61.0535244044,66.1406755934,53.6728367836,44.6845231406,42.8826841917,44.2933164295,46.8629107121,44.3689952041,29.5343192737,30.3881635296,46.7772046429
Tehuacán,34,Puebla,57.7694987589,60.6846548811,47.0654012851,40.973839423,41.4202901969,41.8549082023,39.8122933236,35.625066086,12.3272331595,12.1860034408,39.4865199549
Querétaro,35,Querétaro,69.6753204742,58.6111275616,54.9795902103,47.5013091314,67.472719703,37.2228997163,57.4480844799,45.5109823593,57.0988826354,37.0068484162,54.0676310289
San Juan del Río,68,Querétaro,71.5756160476,65.7815791532,45.337888631,45.6789813558,55.938445142,34.4568443942,35.0541363197,32.4450390623,25.7945914446,20.5669348855,43.8474445045
Cancún,36,Quintana Roo,59.7664280779,74.2967080525,61.1463261671,35.8295229408,46.6280733781,43.3645124692,65.5648225316,67.4354202789,56.7613169516,8.4733047744,53.4492588916
Chetumal ,76,Quintana Roo,49.1706123225,58.317903553,54.4097319229,44.5310713368,37.946594437,53.930512647,46.0679414909,45.6336928848,8.004620088,6.3116956826,41.0165999911
Rioverde-Ciudad Fernández,38,San Luis Potosí,65.3236808199,41.3212938409,51.2625355372,41.1082582611,49.4398357239,37.5639262203,38.3128855874,27.9555428377,11.3536202037,4.2154702203,37.584007509
San Luis Potosí-Soledad,37,San Luis Potosí,63.2793187932,49.3494905557,52.9243721048,39.3421213851,59.2496456225,45.8214356872,53.5190047396,50.4299917897,30.1856991146,21.4814946241,47.5347889717
Los Mochis,69,Sinaloa,53.973238394,64.014593572,53.3038437183,38.4102599643,68.7096183347,49.0941517029,47.7402702218,36.3720323916,12.256081696,20.5863803142,45.3238848615
Culiacán,70,Sinaloa,41.4286965719,74.0898694086,56.7369540238,34.7634437304,63.8603634276,50.704566226,67.9444211288,42.7953555003,14.9788020266,22.2235208496,47.924932999
Mazatlán,71,Sinaloa,50.9662572098,63.1263512743,54.7367024011,36.6791819983,64.173446184,51.8202663769,43.2328339853,48.856698325,38.4292600573,24.9842024396,48.6483381487
Ciudad Obregon ,72,Sonora,63.702619706,59.1413912067,56.8246748873,40.2545431772,62.9261032562,44.5791337396,42.9541909117,50.5304203077,16.4189550043,15.8973320453,46.5304663802
Guaymas,39,Sonora,67.7189141692,44.1839648489,48.8399196953,41.4953040705,46.6849337851,49.3617842664,37.4085566158,48.5864683897,26.4544216017,40.4447260974,45.3545185169
Hermosillo,73,Sonora,69.1989376136,45.5166065264,66.1178932794,35.8474770552,61.2149354556,45.6021792232,48.8946971598,59.6453126666,27.8232474413,23.8291049773,49.7852418892
Cárdenas,74,Tabasco,58.7636249128,66.9036309564,41.2047353373,44.0433269121,35.6701145725,45.9350429672,29.6645682194,29.8181097252,9.7537196697,1.3462719142,36.5896213081
Villahermosa,40,Tabasco,64.2745216814,63.7410076023,53.8258583139,40.621320895,48.0166327809,34.7397651059,49.2524805485,38.2226068703,20.7599336562,8.3605093158,43.1647403667
Tampico-Pánuco,41,Tamaulipas,61.2122864093,62.73669789,51.8877183929,40.483410025,46.2899147953,46.4234419007,45.98956939,49.4759904554,28.5441252408,13.2206784602,45.4589277586
Matamoros,43,Tamaulipas,69.2865832131,64.1155228995,45.2158321672,26.8289620481,42.2059724977,49.7542982425,33.461599326,50.5696087847,16.8129321647,8.1579711795,41.5698740279
Nuevo Laredo,44,Tamaulipas,54.6878819363,64.7020824595,47.9294840487,22.0932367235,39.6195714429,49.725635766,33.6364202817,35.2955096443,16.5884188,12.792220785,38.377800038
Reynosa-Río Bravo,42,Tamaulipas,67.8641634457,64.6762044601,44.9934509883,33.0453738551,45.9614050606,46.6059445836,32.8098738755,42.848581431,19.6992727724,10.3455913221,41.6525827549
Ciudad Victoria,75,Tamaulipas,67.5864571622,80.0921511697,57.2937452664,43.5204552941,47.5756977765,48.1677228069,41.9784821072,51.8484144136,11.942184783,11.6737498741,47.100452387
Tlaxcala-Apizaco,45,Tlaxcala,63.9356529578,62.4286051198,56.7442863114,58.0171076061,42.7370237723,40.5402993576,38.3894714628,36.5702548616,7.0030600445,13.6551916605,42.4269173185
Veracruz,46,Veracruz,55.6325888775,68.5105344007,56.1128244269,36.3090342614,54.8500541733,45.5151157027,55.8250071674,49.2571155018,17.4469525579,15.8223860359,46.6179089524
Córdoba,52,Veracruz,60.1574753539,50.9631214894,47.8032525711,46.1292606905,48.1029068777,49.3506638356,45.6475107923,39.9566759289,7.1473210225,11.7015366432,41.2028155623
Orizaba,49,Veracruz,56.2054248621,45.0773219195,47.9434446877,47.3206286946,50.7598450253,50.3037940391,38.5271818012,39.3042465188,7.1551955678,12.0387692317,39.9629700342
Xalapa,47,Veracruz,59.196104954,54.4894602661,56.4129117508,47.9359454884,56.874229337,46.1116512469,54.8842666211,39.7310012449,10.2173174533,19.0057581805,45.187141234
Poza Rica,48,Veracruz,57.7970834942,48.0061270528,41.1621108591,43.689826114,45.6371997471,41.6549014039,42.8536986035,29.6583095333,12.8694940187,8.3777668452,37.5755750583
Coatzacoalcos,51,Veracruz,59.613687349,52.3816262036,45.749193822,44.4186743626,54.7993928248,47.3673796183,43.1119141187,42.5106320109,16.2254684513,10.833235014,42.4097764444
Minatitlán,50,Veracruz,58.0290474511,45.6568373192,41.796468726,43.5501183679,47.7228601829,54.4513028089,38.856918985,38.279603224,9.6375938284,8.1831780083,39.0012160233
Mérida,53,Yucatán,74.2246694486,64.4833409998,51.8484074501,60.8216658384,51.4917647611,44.4217197951,52.3338261715,45.2991179694,18.7725857136,23.0661052398,49.0449413491
Zacatecas-Guadalupe,54,Zacatecas,56.2412962853,46.1505418934,57.9105970047,58.6446909965,50.6114741447,45.9084234315,51.7564966284,47.0346924653,31.2100031792,11.4467620069,46.3864564082
Aguascalientes,1,Aguascalientes,71.5844371028,64.3054622643,59.3741701084,50.0820516812,62.8794395165,40.013590706,45.5052837801,46.3774363337,28.9299893932,15.4326295509,49.5485389967
Ensenada,55,Baja California,48.5576192156,54.0451477682,51.6288706081,34.8858564202,53.120767525,45.8910046424,50.0163977717,37.6329691267,19.2714468317,9.8419712169,41.391554726
Mexicali,3,Baja California,43.3590634717,75.1993006358,52.202951897,35.197763586,59.6296604881,55.7801510832,47.9357789027,43.7871063358,33.3567860167,14.1167689702,46.9404963315
Tijuana,2,Baja California,48.8010523159,66.469832977,50.2698914288,31.3620711482,63.803771242,54.7195029769,42.4048949424,44.523572581,26.4508235292,8.8807713142,44.8751877217
La Paz,56,Baja California Sur,69.5812530677,66.0640585135,58.1585731765,57.1369044491,68.5908467583,54.2861395493,49.2642107258,48.1404421819,29.3779680232,24.1072261269,53.1652400293
Los Cabos,57,Baja California Sur,72.7978269524,71.8239500793,54.6285729858,31.8649639389,58.0339184546,51.0103118254,43.7941549251,56.8864233358,67.2917275988,22.2523656791,54.1655961175
Campeche,58,Campeche,74.1764332974,58.258184838,60.7730140914,65.6101311472,54.5314815926,50.5483658637,44.892152486,47.802493267,28.2433840735,12.5175058548,50.3446415287
Ciudad del Carmen,59,Campeche,73.6857485222,69.7603700201,49.8318607371,37.6583074977,60.092614962,51.8413447976,31.8378263836,48.2405001849,13.3445395635,20.2232120788,46.49885543
Saltillo,5,Coahuila,74.6717024323,61.514938075,57.2748481163,59.1306675324,56.9900215286,55.7435972875,44.9075898254,39.1255976195,29.0952003513,25.3253296567,50.6245321102
Monclova-Frontera,6,Coahuila,77.2262344313,57.1035523403,52.0965376488,57.3401241719,54.0244717601,51.477120721,32.3398504021,41.1655559795,26.6826440209,19.0581752492,47.2026924843
La Laguna,4,Coahuila,53.6517014195,57.7307606459,50.4003695732,40.7555979315,47.7759763098,52.3680406947,42.7512778115,37.5521183826,28.1165090988,13.6248735064,42.9865047438
Piedras Negras,7,Coahuila,75.1892824743,65.1373917769,48.6275504921,60.9624390426,56.4315207377,41.6869769674,28.4655922101,40.1057337585,27.9026391443,20.7796447056,46.9202278486
Tecomán,9,Colima,61.9321609088,62.0860094961,51.4360791565,48.3312082477,44.3145608245,49.2104948973,33.2781086916,28.2621670113,17.4474485568,4.6230248156,40.4832027848
Colima-Villa de Álvarez,8,Colima,64.1326440721,66.9431893373,54.7854673334,60.8186173359,52.6381627467,50.7403096245,50.4929011269,41.6847993221,18.2211722367,7.7508662222,47.3503486058
Manzanillo,60,Colima,57.9491966488,59.2602917982,51.7030501138,48.4976436581,50.8873033845,53.3049896766,43.0952634976,44.2288846739,40.6596322032,12.8056406654,46.8100935578
Tuxtla Gutiérrez,10,Chiapas,69.2262135268,63.4812449461,50.8626985634,41.0703190625,53.1432179364,47.9940810949,42.8263501878,36.6675907985,9.8716620273,5.6534094555,42.8840617374
Tapachula,61,Chiapas,70.3272868608,62.6109127027,35.6878781696,44.402437405,35.7088128162,45.8685458971,42.854840292,32.2955489902,13.7076003242,6.2818600049,39.1156060933
Chihuahua,12,Chihuahua,49.9193108118,67.4623102369,55.9349879704,32.0500638148,56.5850087431,42.9162045722,45.1189158603,49.4885615419,42.6207720464,21.7282706782,47.5198224867
Juárez,11,Chihuahua,31.5663362668,75.833179935,47.5744086417,30.7113775024,57.29205551,53.370678071,43.4693566891,36.1367955844,34.1335307179,8.3578379072,42.6934894859
Valle de México,13,Distrito Federal,53.6712674021,49.1611196507,63.2416945023,33.4011925542,50.2337088544,43.3046143704,58.1516815398,67.8381494082,64.1225186436,66.3489792227,55.6242281827
Durango,62,Durango,60.9301801516,76.1428743733,55.8897587871,39.7439222663,52.7356693063,46.3466508749,39.9997861679,31.0398595625,24.036728156,12.5178591227,44.660512061
Celaya,63,Guanajuato,62.5507441903,52.8894182546,48.5885222955,44.2427357769,53.0554523822,46.77218243,46.1470211987,32.1156105508,22.1911844438,12.464608541,42.6379148432
Guanajuato,64,Guanajuato,81.8869594375,57.6669920537,57.1517367781,49.1039554246,66.9769482132,38.6895983427,45.669963061,38.8697035559,22.4653371595,21.9291420313,48.9728168769
Irapuato,65,Guanajuato,63.8974386775,59.3712045649,50.6839275594,45.7004790652,66.8367158734,37.8366883911,50.8022229139,23.8089671176,19.1027839131,10.9080796232,43.7158907503
León,14,Guanajuato,69.338535381,53.4860466227,54.6760467197,45.4807049904,59.9128302784,35.721103061,44.8368505015,41.2578457387,28.3230810126,13.5027003253,45.71870478
La Piedad-Pénjamo,26,Guanajuato,65.3237360969,50.3993280502,33.3307920959,29.7350672085,40.1763117074,53.8541073906,36.1478748118,21.3994730016,13.5005632357,8.7980441556,35.3261479483
San Francisco del Rincón,15,Guanajuato,70.4461943808,45.3621232844,51.1674472679,44.6323265568,54.789678479,36.748201914,39.2026290906,26.9764274678,15.2762014809,5.2355107885,39.7927322745
Salamanca,66,Guanajuato,66.9792783697,59.7283638271,48.2400151724,42.9283284546,58.0184154629,52.5139333901,41.2712232219,26.9342084782,13.4685251154,4.7010494737,42.061622341
Moroléon-Uriangato,78,Guanajuato,72.5032970529,49.434163535,48.3364077382,44.2964654207,43.0705505186,50.0861820174,36.444292067,31.3305388731,15.0505159019,5.1676940564,39.9858543063
Acapulco,16,Guerrero,48.6001428442,65.500983662,49.694455017,18.0936420643,41.8583671505,38.5780282539,46.3659559589,33.6522025626,28.2184900849,2.6189007175,38.464122547
Chilpancingo,77,Guerrero,61.8691876576,57.413254111,56.3526840424,28.1165273257,35.1824886045,41.519143834,48.325617107,31.3902050111,21.4744273444,2.9083922483,39.3356214509
Tula,19,Hidalgo,61.6960999295,60.4166371391,45.7370945716,34.5887904614,43.6283420848,69.1599348216,40.2954565886,32.8503286907,7.1502522886,6.6357999061,40.4351436995
Tulancingo,18,Hidalgo,66.6367529128,39.8786019633,49.9986215144,36.1418954166,34.0962737979,40.8167996259,40.0143475308,25.5029444585,5.767895789,7.4519529305,35.0765393335
Pachuca,17,Hidalgo,65.8797091589,46.6666676473,54.2849113023,38.2337901515,46.7606668396,50.4459322855,44.2804659871,29.6734681077,13.4695804257,12.8509293302,40.7707633115
Guadalajara,20,Jalisco,63.2276182054,60.4323553702,55.7265542312,43.3973596318,50.431238611,48.4960601343,50.4700540447,58.278951996,37.1623223696,18.5589430074,49.5624079285
Ocotlán,22,Jalisco,66.407762696,59.0854367312,48.6568943879,46.1106390182,40.2582859541,47.7062309135,39.9605084252,30.3115766517,19.9423009912,12.3448330018,41.3203989024
Puerto Vallarta,21,Jalisco,58.5528078946,66.8262582213,55.0248729995,41.3409515558,58.141888358,50.3165314775,39.9587420708,49.2164920391,54.0797782308,14.4360996428,49.773937377
Toluca,23,México,55.0997942076,53.9555075341,47.8179314823,47.7368344892,31.355382488,41.0209600858,48.6915935419,30.5590810044,27.1195556624,11.5612834265,39.6712467575
Zamora-Jacona,25,Michoacán,63.8435704404,59.5002616923,39.2810349408,27.9950907581,51.6925866957,51.2904103379,57.0774158706,30.0407115148,11.6248436251,14.9455343551,41.2063450229
Morelia,24,Michoacán,64.6574622264,62.9275987029,50.947840386,37.5873162139,55.9122135887,55.7997481348,48.635840199,35.7356199238,37.6854176248,14.4971711543,47.0535790439
Uruapan,67,Michoacán,64.7997580762,54.8965791895,55.2998695215,30.3204325473,57.4282798443,55.7708558922,49.5988918313,31.168384322,11.6245844637,8.5772463555,42.8083789668
Cuautla,28,Morelos,52.7990622572,62.6219398244,47.1501261013,42.3783604957,48.6274615429,38.8134705092,44.1366165307,35.3558619158,14.4639221659,22.8587387502,41.4010754081
Cuernavaca,27,Morelos,50.2433305288,69.9078872745,53.7418723387,53.6788235633,51.9570486182,39.1559937319,45.0038882844,38.0161261762,22.7182485679,21.2310330818,45.0912138166
Tepic,29,Nayarit,52.5716868739,66.542795508,55.8746760796,56.1423084917,53.9041451435,52.735702922,46.4580630718,42.2700505349,26.7784552968,8.0217341528,46.7502469655
Monterrey,30,Nuevo León,68.5714129551,60.9645661106,62.046027824,20.0564653919,59.6126993938,52.4762855782,52.7267720859,61.2975208157,46.4180350159,38.4093768144,53.5122257334
Oaxaca,31,Oaxaca,65.5453304257,39.7984725444,49.1186409896,38.4097373157,41.6395601909,43.154368289,46.2461016579,37.1488998971,25.0310215437,14.5385784183,40.6245887515
Tehuantepec-Salina Cruz,32,Oaxaca,66.8052254185,62.1386978837,44.6790294408,39.7781810309,46.4394832247,74.9421140283,43.6549595727,29.5707179461,15.952793684,6.6681040557,43.0698300148
Puebla-Tlaxcala,33,Puebla,63.0503847221,65.8069599327,53.9462138573,35.8219222977,41.7723284881,45.9095885551,46.2125362402,41.2387658946,30.325567606,24.9306083617,45.4400748727
Tehuacán,34,Puebla,58.4594985754,60.8199213585,47.4044136595,33.3692335803,37.620821133,39.057037464,39.0594616526,35.3186915781,14.5975172128,6.6108890399,37.9553878688
Querétaro,35,Querétaro,71.1434318396,56.963516552,56.5243373683,50.6009657418,66.3048378006,39.2613768595,55.2359227617,36.2103236616,51.5165323417,36.360616083,52.5968348778
San Juan del Río,68,Querétaro,73.1370124605,64.2727737878,46.070585396,47.0137151664,56.3519537162,38.5001205618,34.2525739736,30.4546917906,25.128486177,20.311634066,44.0316189092
Cancún,36,Quintana Roo,62.3507410264,73.2393063207,57.7381338147,33.5759479204,48.420718003,47.8888198315,63.0259600838,67.5611775146,57.9378380192,7.3450728191,53.3859911477
Chetumal ,76,Quintana Roo,51.3745232549,58.1602236545,53.9455653815,32.8053278253,35.3774356835,54.3580211338,49.6032405409,33.9897500178,9.6514687499,5.8269239019,39.0446413376
Rioverde-Ciudad Fernández,38,San Luis Potosí,63.6424161158,45.4008884713,50.7444081402,39.3212463573,53.0198631845,35.6113697796,45.1055076055,29.2577083144,13.8141655769,3.6045859411,38.9007019427
San Luis Potosí-Soledad,37,San Luis Potosí,62.8525899426,50.5843623503,54.5146636158,40.6327790438,62.0742003383,48.8035708541,52.2877727233,45.2853708101,32.0948547744,19.8265148249,47.8151043134
Los Mochis,69,Sinaloa,55.2126115903,62.2732791923,53.7120544251,24.9605221496,53.4761617437,54.2904711304,45.5873804441,31.2480630606,14.7896616582,18.0112884839,42.0780110378
Culiacán,70,Sinaloa,47.0071648579,74.0387948415,55.324946246,32.6958809697,57.092321977,54.1155258548,68.6893241413,35.9969265876,17.9545398781,16.2827951526,46.7155629105
Mazatlán,71,Sinaloa,56.5219271467,64.6254027532,56.1680238971,29.0247234468,62.4881229447,53.9880344543,44.2489060815,45.1038218119,41.83095604,18.4019459531,48.3270132002
Ciudad Obregon ,72,Sonora,66.5208126365,58.8926571862,56.7305685187,46.5282971155,59.7523728728,51.1264794322,42.6749652027,50.3386522162,21.1821276395,10.215887419,47.4232699771
Guaymas,39,Sonora,69.3136642687,40.8290381353,47.0051982064,44.788320958,58.5754500978,46.5730179755,36.6503453313,46.2546395315,29.8719221031,35.5272574997,45.9831403307
Hermosillo,73,Sonora,71.7807823719,43.9098829111,64.2419423476,39.5731523675,65.7307473115,50.9688804898,47.2566686576,52.8985645851,34.9574012529,16.9718018545,50.1373847625
Cárdenas,74,Tabasco,62.1317948045,65.9307580957,39.1449482123,33.7901274635,39.2863085869,49.9074691561,31.4901904071,26.1674064303,13.0133291372,2.9780198161,36.7077759184
Villahermosa,40,Tabasco,66.0288258463,63.463842453,51.9581688569,25.5448374714,50.3682629363,40.6215883711,46.8084522733,34.2285073617,23.3666740589,8.8964312411,42.2000404699
Tampico-Pánuco,41,Tamaulipas,64.4080027912,60.1788584937,51.9328289937,39.1891332211,45.2540750956,51.4278433152,45.1067414569,43.8625456907,30.2964521536,10.228081144,44.895950346
Matamoros,43,Tamaulipas,67.8616287758,63.5550553785,50.8578119228,26.4314729121,43.7128625766,53.3594068819,30.2268433036,47.340050659,18.6972839001,5.6711694245,41.7546650132
Nuevo Laredo,44,Tamaulipas,58.0770953102,64.3645945434,52.9659163461,21.1803106892,39.4696798074,50.6218823926,33.0381418151,32.8421543147,18.5156802308,10.0964492311,38.8763727687
Reynosa-Río Bravo,42,Tamaulipas,67.3309099881,56.8016649504,46.9465749207,34.9281780427,40.4196434392,57.5483708911,37.3335816552,37.1112430913,21.1027585507,7.9116345453,41.1736395523
Ciudad Victoria,75,Tamaulipas,73.0933459007,69.9546292069,53.6240125672,36.8244836854,43.3570723982,49.7312748873,40.51880486,45.6311370706,13.8925447849,8.1437825913,44.3161615707
Tlaxcala-Apizaco,45,Tlaxcala,66.341771562,65.9961532038,56.5617016261,45.9651318704,42.0770783246,42.1512497335,36.7795817562,37.0059371387,8.9640266772,11.4213598523,41.9616366111
Veracruz,46,Veracruz,63.127691822,57.7699833723,57.2089414188,35.5160825585,49.9215837008,49.3203031463,55.4438386456,46.2975102311,19.9623541838,11.6866512276,45.6181998904
Córdoba,52,Veracruz,64.037198068,49.7572669206,47.3377712828,43.4286193095,46.2695033304,44.3060484954,50.0167199397,37.6091427961,10.5047561216,8.1040315871,40.7594963573
Orizaba,49,Veracruz,60.1853752258,59.3350949495,46.2728421928,33.3711836991,45.6053997553,47.0099211174,44.8805764784,37.7004295635,10.5454557355,13.4014344235,40.4603798262
Xalapa,47,Veracruz,62.9914506833,56.383569283,54.6032794329,35.9464770772,51.7558935953,46.4574255824,51.1681249472,37.4691749381,12.7277795673,14.4974916483,43.2208446755
Poza Rica,48,Veracruz,60.5844748343,47.2479613882,44.3233926122,41.2367929261,45.0731255229,42.7840370229,47.2589005624,29.4536228137,16.363762092,5.1144750227,38.4693236848
Coatzacoalcos,51,Veracruz,62.8481076394,52.1289494625,50.5377439793,35.0264773419,47.2050130524,50.7950786536,46.6650178036,39.9355436101,20.8643298829,6.0884962825,42.0103634583
Minatitlán,50,Veracruz,61.2996852747,44.7586600858,39.0341593232,38.3393243014,45.5803922263,58.0463828146,40.1311521386,36.294303673,13.7359147284,5.0815162421,38.5785935269
Mérida,53,Yucatán,73.4878648793,65.5375083085,52.8515977785,49.4347552738,46.8323341715,47.4762727102,51.352847486,43.4717876546,21.1571661161,17.0275682218,47.3837366088
Zacatecas-Guadalupe,54,Zacatecas,60.0119617919,45.3135648133,57.1237298419,55.1799521884,51.4818043628,49.8730573577,51.7854315906,44.7000454033,44.0373090613,9.8571626663,47.6130782009
Aguascalientes,1,Aguascalientes,70.4574181424,59.6202768821,60.6340013131,50.0820516812,65.7344737112,40.2313342189,43.7401887171,43.3563578772,27.7409504723,15.617982072,48.8325276425
Ensenada,55,Baja California,46.2091443335,53.5849346213,50.7666589377,34.8858564202,58.5063796522,42.2859343941,45.7332861078,38.2327613103,20.7355498596,10.5033961598,41.1841199522
Mexicali,3,Baja California,40.5380442313,67.3325117048,48.6289810282,35.197763586,65.1330296389,49.2494990881,49.9096899651,39.6947221406,34.1828168059,13.1599302912,45.2769222856
Tijuana,2,Baja California,44.9746581099,66.286233006,51.1892881189,31.3620711482,59.7791948793,50.0359207431,39.7058532095,44.9821367518,27.6122137555,9.0190592563,43.6331448168
La Paz,56,Baja California Sur,69.7387934171,63.0027797214,55.4942385106,57.1369044491,72.5882215807,52.8253682897,47.2307621538,47.1508399911,34.684654964,23.9780559766,53.1106374148
Los Cabos,57,Baja California Sur,72.3589293802,68.183692923,54.1614447181,31.8649639389,57.6675955426,52.7278523814,47.3533135887,59.202611941,70.7368716897,21.1723268325,54.6848808791
Campeche,58,Campeche,72.6151101638,57.0184925209,55.7744159977,65.6101311472,63.459367098,48.9329088023,45.0316300916,46.8008450896,28.9313916579,13.9145390172,50.4718103627
Ciudad del Carmen,59,Campeche,71.8579365608,67.787255961,48.082459261,37.6583074977,62.0846631204,47.6998212946,29.2639035224,47.3588135503,13.9280068396,21.1366099561,45.5766949385
Saltillo,5,Coahuila,74.111097483,60.8554847778,56.4636790874,67.0671754689,56.9878568693,55.3404633959,41.7299678411,37.4721064056,30.4575967061,25.9999059733,50.7122740832
Monclova-Frontera,6,Coahuila,75.7770356803,57.0502255693,51.9403420731,53.3718702036,51.4679981454,46.9295490045,27.1633562969,39.1701480418,28.0813369642,19.4251910716,45.447279614
La Laguna,4,Coahuila,52.7183924801,53.4750005733,49.8974483174,36.7873439633,54.9359668924,50.8017477543,39.7057571128,38.2212893932,26.8813452346,13.9855471701,42.4675710624
Piedras Negras,7,Coahuila,73.9968522539,63.4387716764,46.8787709614,64.9306930109,55.7409221916,44.7095177482,25.7804091621,38.42340411,29.1787316828,23.3936212068,46.8033673135
Tecomán,9,Colima,62.618846451,55.0126889089,48.998231084,48.3312082477,46.4159479215,47.7089038573,32.0555228613,32.3046121473,19.4185685522,6.8632405604,40.41403162
Colima-Villa de Álvarez,8,Colima,64.9990908016,63.869712499,52.7711728737,60.8186173359,51.2460910789,48.8888403301,45.3224548553,45.7939356623,19.6912006976,8.8080241469,46.7754590484
Manzanillo,60,Colima,57.3403410103,55.8298023948,53.1574132887,48.4976436581,55.308932229,47.1249742,39.6499072931,45.4540437517,42.1687799687,12.8705186098,46.5365405464
Tuxtla Gutiérrez,10,Chiapas,67.7540626525,58.8779684124,50.7461270505,41.0703190625,54.737687295,48.1188119136,41.2535621936,37.0318577336,10.9684055936,4.9466342404,42.395725422
Tapachula,61,Chiapas,67.4412856582,61.6686619587,30.529413499,44.402437405,43.2494814423,43.356530564,40.106184816,32.0782745058,14.9750958902,5.5027421057,38.5648122626
Chihuahua,12,Chihuahua,53.1025684835,60.6530110678,55.4026472574,28.0818098465,63.3041552089,46.583877003,45.8802863813,46.7254934947,43.5464666589,25.502392384,48.0146071179
Juárez,11,Chihuahua,31.0197544529,71.4233387088,48.5582993763,30.7113775024,57.5312821574,52.7391518316,36.1074252694,36.3371363826,34.5911915746,12.068289934,41.9281639569
Valle de México,13,Distrito Federal,53.0377908172,53.9396882033,63.4270328498,21.4964306494,50.2205043529,41.5513218286,53.043069036,68.6070265442,67.582392754,66.387092263,54.8552124189
Durango,62,Durango,58.6279687484,70.2166605507,54.4705222468,39.7439222663,55.5000815037,45.9920361186,37.6957463227,32.1220759838,23.3964047523,15.6927346026,44.060163161
Celaya,63,Guanajuato,61.5965016079,52.1771086308,49.0804906356,44.2427357769,52.4129262748,43.4438279924,42.2534966188,34.5969530667,23.5594160617,15.5796090987,42.4735589993
Guanajuato,64,Guanajuato,81.4760145938,69.0756588987,60.1039177775,49.1039554246,77.2600244542,29.8631296725,44.1334949425,39.2784417233,23.3053628654,29.3617557416,51.4861362498
Irapuato,65,Guanajuato,63.2626656425,55.9184865664,47.4980688419,45.7004790652,66.2658977055,35.6712061912,46.7748682592,25.2915484841,19.6695961249,14.7523495371,42.8332075155
León,14,Guanajuato,68.5382572088,54.5572048201,51.7567376502,45.4807049904,58.9915589356,36.2664538365,44.5422047779,42.494991216,29.9906955998,16.9551669038,45.9098108815
La Piedad-Pénjamo,26,Guanajuato,64.1035570401,48.6998172359,34.7094986109,25.7668132402,45.2933088778,44.7792512595,36.1899166698,23.9988187421,15.843531521,12.6315897632,35.574183899
San Francisco del Rincón,15,Guanajuato,69.6196135905,45.340540857,48.2116919735,44.6323265568,50.2556767796,34.2631548707,38.7511079735,28.30948741,16.1733655897,9.8318804146,39.2065194173
Salamanca,66,Guanajuato,65.5727453369,56.1248459378,50.3200164797,42.9283284546,52.9304931082,51.505049683,40.6968474391,29.9913317989,16.6984948117,8.3421572504,42.0499141559
Moroléon-Uriangato,78,Guanajuato,70.403413182,45.7037144758,46.5833869134,44.2964654207,41.4765205977,56.2739010728,36.7284211559,33.2678667382,15.8943375961,8.7613241861,40.1609411516
Acapulco,16,Guerrero,46.1489614982,60.1674041272,46.960394927,18.0936420643,40.3232709868,35.334870379,45.5111736567,31.3472284006,29.3095539529,3.2537479957,36.7224601474
Chilpancingo,77,Guerrero,60.5498234354,60.4134250776,58.276233002,32.0847812939,37.9617738105,43.2269460501,39.9694113216,29.7499133196,21.1450097195,3.1409559955,39.4828876187
Tula,19,Hidalgo,62.0074886355,59.6932633576,41.5026549393,34.5887904614,39.9900409916,68.1302590405,39.7908499918,35.4433836304,7.2960366279,7.9838307602,39.7661263155
Tulancingo,18,Hidalgo,65.4796715877,35.1061121218,49.2516104264,36.1418954166,37.5628362436,43.7133529474,39.2931134752,28.2330729871,6.3325021019,8.6090563818,35.4415164839
Pachuca,17,Hidalgo,65.3911077145,43.8024481939,54.9411968974,38.2337901515,46.276916649,48.2420097097,40.0501875938,31.3638650797,13.9181213577,13.1014868667,40.1128094393
Guadalajara,20,Jalisco,63.9403982125,62.1634599016,56.1707360773,35.4608516953,55.7477885719,46.3821625608,50.5512423213,60.3405100177,36.1746103687,20.6231519553,49.9702321899
Ocotlán,22,Jalisco,64.997154171,56.0013938393,46.8138464855,46.1106390182,42.8115887862,47.3894178794,40.6400405475,22.8016369278,19.8197068866,15.2964106531,40.3484126885
Puerto Vallarta,21,Jalisco,57.8637268148,63.3412233367,53.2854166893,41.3409515558,61.0985611772,51.1322524804,40.2010949896,53.8106676897,54.9782969621,16.4929733,50.3889617403
Toluca,23,México,54.5487928165,50.9932353388,47.7672442789,47.7368344892,26.7428185592,39.3813464012,48.3245101248,32.1115366878,26.8584379241,12.9516032684,38.8717445293
Zamora-Jacona,25,Michoacán,61.4658475518,59.2277760585,49.8327665796,24.0268367898,50.2895842296,49.6212003634,51.2932595116,32.2730963129,16.2429914506,16.0177485464,41.7786109372
Morelia,24,Michoacán,61.9746521294,63.1831928771,53.1328929007,37.5873162139,57.5209901261,53.45406223,47.8490441033,37.3375578543,45.5894259304,14.9123348701,47.9948516964
Uruapan,67,Michoacán,60.7697167683,53.8672067479,56.1101024527,26.352178579,58.559131531,48.7679411716,50.0724691615,35.0976462051,16.2636678739,11.5729968345,42.8399643962
Cuautla,28,Morelos,52.4471966497,60.9622336132,47.1488034867,42.3783604957,43.6700395689,40.823031757,43.2363945574,34.4115236939,17.5937727451,29.8102791099,41.4745272186
Cuernavaca,27,Morelos,51.1913615596,69.2297704158,54.5342869497,53.6788235633,54.5810855596,40.4636374601,41.8537896636,37.3172780063,27.4107098474,27.9260171127,46.2542719246
Tepic,29,Nayarit,56.6408033663,62.2341363672,58.3765231372,60.11056246,54.9989800081,51.7692249321,45.761582778,44.8051079451,27.3529185659,8.8464617966,47.7492986683
Monterrey,30,Nuevo León,69.6909427545,65.9265019488,60.0379099091,20.0564653919,59.9378560222,50.1758666087,49.8275993436,60.9718057744,43.2356990905,44.0691863161,53.5554989032
Oaxaca,31,Oaxaca,63.1538151691,47.6562830149,46.1205241196,26.504975411,40.6752484016,43.079568462,45.86908933,39.7459494871,21.8299656272,12.5757410904,39.4978895001
Tehuantepec-Salina Cruz,32,Oaxaca,66.793024123,62.2554007455,43.8755441675,39.7781810309,37.1020190653,72.845745327,44.8319263609,31.5022708093,17.3663622532,5.3388603902,42.0942996074
Puebla-Tlaxcala,33,Puebla,62.8633331762,59.1450060126,53.3985386275,35.8219222977,42.2694610604,44.5694613397,47.4720118013,35.6076372514,31.1573940971,29.0257403818,44.52689495
Tehuacán,34,Puebla,58.9560200557,61.1503498764,45.7518794279,33.3692335803,42.7179972657,39.1372049515,39.1262288839,36.3903423371,16.0238488403,10.6801681806,39.0604717554
Querétaro,35,Querétaro,70.8598490551,53.9530494161,55.1609001519,50.6009657418,66.0860866174,40.248762925,51.7358145068,42.7375962648,48.7869968206,32.8855563732,52.0163543539
San Juan del Río,68,Querétaro,72.4618831262,60.6772376665,46.0756940415,47.0137151664,58.928852713,41.6085537334,34.1983448884,32.4003460235,25.3345149771,16.3031381819,44.0748944553
Cancún,36,Quintana Roo,61.6990373679,68.5052788764,56.7827296957,33.5759479204,49.685652342,44.1081912105,60.8910465028,65.3095487781,64.891226175,9.3829260602,52.957312954
Chetumal ,76,Quintana Roo,49.1705106456,57.2576162616,53.1717760128,32.8053278253,39.7097625859,52.1050796209,49.0149361312,35.6587746683,15.3220669614,6.6457594291,39.7356664305
Rioverde-Ciudad Fernández,38,San Luis Potosí,64.2470436681,42.3754167305,49.2629826176,39.3212463573,50.465423171,31.9555315507,45.1695398098,29.0740088163,15.9919994155,9.0277931508,38.5351900534
San Luis Potosí-Soledad,37,San Luis Potosí,62.839314134,47.4810760447,53.447839022,40.6327790438,55.2453834534,45.2371714584,51.8717372734,45.4534847119,31.8456380112,23.0629627109,46.5042982399
Los Mochis,69,Sinaloa,57.63156142,57.6973826889,51.361805314,24.9605221496,55.6464042348,52.9707101344,45.8592781526,34.0708531632,16.4205803379,18.77455658,42.3159092806
Culiacán,70,Sinaloa,45.0488142655,70.4862563358,55.1985844215,28.7276270015,75.5344575953,50.5398295027,66.9722589161,37.3170390463,19.004426484,17.0995049688,47.8388123743
Mazatlán,71,Sinaloa,59.7043765721,60.8664022446,56.5131072118,36.9612313833,62.2458124068,52.7802850217,37.6062960345,44.858214436,43.3303255267,20.0880764288,48.4353304215
Ciudad Obregon ,72,Sonora,65.084624608,53.6403906129,60.1696007054,46.5282971155,62.1511433398,48.8330644747,43.5474119707,50.6517832221,23.6864915798,12.5180585111,47.8127746384
Guaymas,39,Sonora,68.3774713095,38.5457722282,45.2561287987,44.788320958,49.9373639738,43.0272283024,36.6465266218,46.4976086178,35.2652221471,39.4983230488,45.0477307171
Hermosillo,73,Sonora,71.1164365238,45.4147337947,64.4382147168,23.7001364944,69.1255795104,50.3639307788,47.9412734233,54.5687202923,37.9249048165,21.538286777,50.2157271917
Cárdenas,74,Tabasco,62.4333158243,57.7985748653,43.2935916174,33.7901274635,40.3438145182,47.6190421513,31.8796354876,22.927730426,14.1733483675,2.4282959203,36.0740193262
Villahermosa,40,Tabasco,65.2759271356,57.0263029637,53.6418238645,17.6083295349,49.7834474827,39.1252807985,47.9885899349,33.5067300063,24.6809619388,7.5745849626,40.882562124
Tampico-Pánuco,41,Tamaulipas,64.0253454759,48.6002058923,51.348648222,39.1891332211,45.7611398367,50.3456642451,44.9610036051,41.7753353325,34.3607103855,12.6234860973,43.9462909189
Matamoros,43,Tamaulipas,67.6444724636,63.3378598648,45.0495482085,34.3679808486,42.9585443025,52.9461251857,29.1829558575,46.0283908586,21.2429014235,8.1868964086,41.771665085
Nuevo Laredo,44,Tamaulipas,57.51546475,56.2235732434,50.5578385207,17.2120567209,36.8542661993,51.4031270337,30.3843102288,31.941381974,21.0017645618,12.7655897054,37.2517832014
Reynosa-Río Bravo,42,Tamaulipas,66.285451949,58.8930748784,43.8832100529,34.9281780427,42.2713963685,52.7214750204,35.8081420582,34.0154882135,24.519109408,10.3071798029,40.7616679335
Ciudad Victoria,75,Tamaulipas,71.6004063907,68.3559230124,54.226789924,40.7927376537,44.1435577718,49.6326478686,39.6966949163,46.5774635661,16.3597050075,10.7390513006,44.980794717
Tlaxcala-Apizaco,45,Tlaxcala,65.4708194718,56.9325393465,54.8465434951,45.9651318704,37.8023298531,41.3152681536,36.9878813126,37.3388247463,9.9989298675,15.3350826381,40.6843389764
Veracruz,46,Veracruz,62.2783046069,54.4840607892,55.6643732801,31.5478285902,52.0016791772,45.8385850283,53.0099427964,40.9688664515,21.7243397806,13.5713836055,44.1143648562
Córdoba,52,Veracruz,61.955288361,51.6191602769,50.8246829196,43.4286193095,48.346370662,39.4960971932,50.8066733908,35.7222650918,12.2565401264,10.012265881,41.181913438
Orizaba,49,Veracruz,58.8341129392,53.8186452731,49.4993450005,29.4029297308,40.7459216369,41.5360557662,38.1961028788,35.8358586603,12.2981802798,14.4952441996,38.1776162554
Xalapa,47,Veracruz,61.6390779507,48.4952942827,59.8397106947,35.9464770772,56.0797458558,46.4210130624,53.2105003487,37.9377077252,13.874841588,17.3519446317,44.0231084676
Poza Rica,48,Veracruz,59.5072224697,42.6678622847,43.6256131254,33.3002849896,45.6101749613,39.1599655735,45.3578917994,27.6801916121,18.1210776978,6.4388383489,36.8135665241
Coatzacoalcos,51,Veracruz,59.479619477,50.2399549981,55.4491384365,35.0264773419,50.8808149817,45.7340118204,45.780388362,40.4184302145,22.0396371502,6.8992319618,42.2229405633
Minatitlán,50,Veracruz,59.3906225587,46.15227075,41.2929767084,38.3393243014,39.3533482644,54.9813451389,34.8595169323,34.7136126323,15.5110707885,7.1236737409,37.4424241943
Mérida,53,Yucatán,73.0313373783,64.0679249807,55.7783399636,45.4665013056,48.7882898664,44.8496105814,51.9345588765,39.5715488138,23.2408373061,17.5440634206,47.0688825722
Zacatecas-Guadalupe,54,Zacatecas,59.5283812919,45.4530321683,59.1950972091,55.1799521884,56.4945345224,49.3983403148,50.7853955977,47.7628184066,50.4591668367,9.9500009419,49.2778976248
Aguascalientes,1,Aguascalientes,73.3506171485,61.4152879406,61.2817288243,50.0820516812,64.3231289035,41.675388731,40.7153306453,44.7402968811,24.0456878974,22.3772290301,49.381826757
Ensenada,55,Baja California,43.3918532752,52.6988877265,54.7577381212,34.8858564202,57.8994877645,46.8730033756,40.3413557875,36.9202788235,18.0607141374,12.5877457935,40.8015897786
Mexicali,3,Baja California,39.4209861075,67.4528213542,50.4855809157,35.197763586,64.7921506855,53.0467791106,54.9500044526,39.7985725458,32.5695334818,13.0709243215,46.0172613056
Tijuana,2,Baja California,42.6400625893,66.2116581499,54.4447044001,23.4255632117,60.7028075636,48.69160658,37.6276652793,44.417549093,27.4944962517,9.4815327026,42.8643867018
La Paz,56,Baja California Sur,67.3141173993,61.905422852,55.9566292982,57.1369044491,72.7938080364,54.010547615,44.0877522787,43.2795218887,37.4132404774,32.1926088981,53.1207246329
Los Cabos,57,Baja California Sur,67.7842777542,67.9671799088,58.4131921561,31.8649639389,60.3403459809,55.2185406549,46.3685385456,53.9340279553,72.5856855748,22.2487800611,54.7813991338
Campeche,58,Campeche,69.1576591753,57.361739769,53.0554568441,65.6101311472,64.6476176391,49.1878544777,41.5681626618,45.7396556095,25.2767283321,20.6756924347,49.7256770278
Ciudad del Carmen,59,Campeche,69.7290554805,68.7495434674,48.8480169533,37.6583074977,62.2321107068,50.6528208685,32.9188197962,46.5821353483,12.7738939197,25.8358883486,46.3605870816
Saltillo,5,Coahuila,69.2942361431,56.2503200521,56.81600809,67.0671754689,51.2649732661,55.5146948858,40.5178926871,37.358030819,28.7748878595,25.2149372127,48.7864810809
Monclova-Frontera,6,Coahuila,71.9603918121,58.2722118582,51.5263232255,53.3718702036,48.4550688704,48.3446307596,27.3613839572,38.2959948099,26.7957229356,19.6495744731,44.7109396877
La Laguna,4,Coahuila,51.382197873,54.1354200291,51.2002132486,52.6603598363,50.0486564074,49.3470988595,38.6768322971,37.6406350449,25.670709187,14.0526105415,42.8888431948
Piedras Negras,7,Coahuila,69.5501310527,63.8275182158,51.8497888381,64.9306930109,55.2348553652,46.1430852734,26.2119426218,38.9641639153,26.7112709553,22.8073899951,46.8497806519
Tecomán,9,Colima,62.9678959737,54.3901235136,53.6310856684,48.3312082477,45.6681081207,47.351460111,31.7544014283,33.367054977,15.9218809972,10.8319567475,40.8852137733
Colima-Villa de Álvarez,8,Colima,66.0446702747,60.8216814681,56.064541397,60.8186173359,50.3772330983,51.9102008597,41.8819365736,46.754008903,16.9587820082,14.194911749,47.0504811878
Manzanillo,60,Colima,59.0641469203,56.3301381474,54.325576242,48.4976436581,52.3571775339,50.098492754,37.5194759015,45.2792036275,39.4585110209,16.4257456073,46.5865236576
Tuxtla Gutiérrez,10,Chiapas,67.1037526558,59.938629994,48.934343132,41.0703190625,48.193394597,43.9128956889,35.6999083153,38.6565510311,7.7163456234,9.0981772458,40.7625971329
Tapachula,61,Chiapas,66.2413729638,60.7216485647,34.3791672779,44.402437405,39.4056110465,48.6526342539,32.2552697842,34.275140668,11.3296331964,10.4770363185,38.3084755087
Chihuahua,12,Chihuahua,52.3844207292,59.8620701935,57.5825386121,28.0818098465,58.5808874497,45.1295832361,40.3661964145,44.0903471254,42.6502519764,24.3665169822,46.4007458099
Juárez,11,Chihuahua,32.3173397714,71.0506677284,50.4368960003,30.7113775024,54.4330762909,52.8134339555,34.5367706023,35.870943342,32.2130599353,12.7829196045,41.4934677133
Valle de México,13,Distrito Federal,54.5224796362,56.3822761567,64.2051378294,21.4964306494,49.0008634904,44.2347011645,45.6855306324,69.8412856461,66.4687845285,62.2287512655,54.3709246135
Durango,62,Durango,56.8479015217,69.0916262672,55.1177530811,39.7439222663,57.8551536648,45.3548402672,35.4549775316,30.0456384228,20.5047125301,17.521666839,43.4628169411
Celaya,63,Guanajuato,64.6586059155,51.7203523798,48.2969079643,44.2427357769,55.1552842867,46.819744739,39.3600112983,35.5466705022,19.8785634716,15.9539277013,42.7277421294
Guanajuato,64,Guanajuato,84.9606762646,67.85849758,63.2805304341,49.1039554246,74.3169063605,32.2338600967,42.6011896419,40.5108578781,19.8588218807,29.2841952248,51.5764924523
Irapuato,65,Guanajuato,67.0499977613,54.7771323279,50.6360961885,45.7004790652,70.1549791682,38.165511333,43.1637481962,26.0518501185,15.4981126985,16.4492126281,43.5783849015
León,14,Guanajuato,71.5992603591,57.3434505963,53.8542249681,45.4807049904,59.5998675539,37.2193751244,40.5936704472,42.9556543087,26.6626595658,18.0100104923,46.3039718661
La Piedad-Pénjamo,26,Guanajuato,65.619758085,49.7860028832,36.6534426356,25.7668132402,50.6663501072,47.7612287791,31.8773115827,27.3167014837,12.6712897922,13.2695299934,36.6308838643
San Francisco del Rincón,15,Guanajuato,72.625200368,47.1704836525,45.5971760244,44.6323265568,51.9834074783,39.5057814776,33.4203424217,29.5439594506,13.405583309,11.3903828486,39.4844190101
Salamanca,66,Guanajuato,69.3822767184,56.6396385985,51.7400838989,42.9283284546,55.0203078315,56.7090030101,38.6130976872,30.0280914628,9.0077023833,10.3163864808,42.5147304099
Moroléon-Uriangato,78,Guanajuato,74.4538916276,47.6219180983,48.0930415562,44.2964654207,42.7241752564,52.8634412334,28.7902737599,33.8130654796,13.2057629284,10.6300099197,39.9535819664
Acapulco,16,Guerrero,50.8493370795,58.6134656191,48.5295935553,18.0936420643,42.0669780001,34.2792203877,41.9046701718,33.5548425882,26.9874469998,5.1547809834,37.160499716
Chilpancingo,77,Guerrero,64.164713581,61.5262287349,58.363084684,32.0847812939,33.3081572581,42.1501336275,33.8029785933,33.2876760529,19.0926105752,3.9216068537,38.988376754
Tula,19,Hidalgo,62.83423992,59.9396475163,46.8315458248,34.5887904614,42.8646374729,72.5867408847,33.6193154585,34.197330913,5.3113827629,4.8039099893,39.9776552251
Tulancingo,18,Hidalgo,66.3147467357,36.416676687,47.4901045575,36.1418954166,35.5500652862,42.2913012998,33.4396986217,27.6032276755,4.0670442678,6.8992662493,34.0682434772
Pachuca,17,Hidalgo,67.4089878337,44.2306704358,55.7536844501,38.2337901515,43.4547526645,46.0679970891,38.4199121067,31.9323851022,10.9538515551,11.1681280636,39.3884897956
Guadalajara,20,Jalisco,65.2390228826,63.2655094921,57.6591973514,35.4608516953,56.3547465295,47.3377227354,47.3826264858,59.5280828073,32.1130584256,22.6899252154,49.8875896962
Ocotlán,22,Jalisco,66.9724501174,57.4559295739,47.6233065273,46.1106390182,44.4301592605,49.3492763017,36.9088124318,24.4455600221,16.886370094,15.594961307,40.6886637726
Puerto Vallarta,21,Jalisco,54.6100397908,62.0944503207,53.6860759916,41.3409515558,63.9220892861,51.9726523206,40.2396388955,52.9840271529,52.5348683406,19.3221008797,50.2826932924
Toluca,23,México,54.7118112578,52.0933553192,50.3466538106,47.7368344892,25.3171321881,42.2266770896,47.3293368652,35.2777981122,23.7548317457,12.1337255572,39.2618429103
Zamora-Jacona,25,Michoacán,62.3596874706,58.875279904,54.3568396921,31.9633447264,51.5789151183,48.8477931317,46.9412556959,33.1417983852,12.5184981646,15.9351301133,42.3937886897
Morelia,24,Michoacán,61.0582026102,63.5060064439,52.5085138456,37.5873162139,55.0576761857,52.122036744,42.63544442,39.0374121634,37.8668683599,15.7824088991,46.4397077105
Uruapan,67,Michoacán,62.0251643742,53.9870870497,60.7881685912,26.352178579,59.7409247615,52.1131906069,39.0596814642,35.0846569206,12.5607813189,12.8456183164,42.5720857131
Cuautla,28,Morelos,54.5366882192,60.2945684067,49.3427571068,42.3783604957,39.8421907145,40.1768942351,38.7802972578,35.8423053611,16.1029794983,43.2342692336,42.0570676758
Cuernavaca,27,Morelos,52.8939342625,69.8742381089,54.9739990732,53.6788235633,45.9540867716,40.9055791678,37.9233345637,36.4861216277,27.3745430994,23.243710725,44.684565909
Tepic,29,Nayarit,51.6415084091,61.865231396,58.1811106419,60.11056246,54.9531478917,51.2636199122,40.6280769045,46.1252898776,25.45662029,11.3439032928,46.7997252642
Monterrey,30,Nuevo León,66.359308812,70.2592720411,62.2351873328,27.9929733284,61.953027452,50.6150007428,49.0575429095,58.7820256775,42.7213962646,41.6174188655,54.2550919873
Oaxaca,31,Oaxaca,64.3677087063,50.7884773486,47.4171944718,26.504975411,40.5704710488,43.45814401,39.5895941708,40.3136797863,16.6839236083,12.3073343638,39.004421508
Tehuantepec-Salina Cruz,32,Oaxaca,65.5217117679,60.3443801044,42.5102167168,39.7781810309,35.4992856035,66.6712067424,41.68989225,30.7775900312,14.1841448042,3.8156499541,40.0721270475
Puebla-Tlaxcala,33,Puebla,60.6703924277,60.5887203472,55.1202814416,35.8219222977,40.7503402336,45.146715678,45.2624968537,32.9704092651,28.2118367638,25.1668206934,43.3787322307
Tehuacán,34,Puebla,56.4094354429,61.0780509586,48.3619137944,33.3692335803,38.1475046599,40.9023691585,36.0933032186,32.9222055879,12.7209345512,8.6738670507,37.5084252104
Querétaro,35,Querétaro,71.8820808637,56.6893426326,58.9905418848,50.6009657418,65.083386644,39.8976340767,52.1648898957,43.7603336565,40.3462873927,32.4402107018,51.9753878326
San Juan del Río,68,Querétaro,72.9835960865,61.4182500277,47.6152325678,47.0137151664,59.7859643562,44.1002297492,36.7511723735,31.7829582642,21.2165932234,12.0248933746,44.1048723991
Cancún,36,Quintana Roo,60.8005816305,70.2507487796,57.0231269624,33.5759479204,44.4876995647,46.7360570729,54.1960618146,63.732921008,64.3061749354,10.1479426282,51.8294845669
Chetumal ,76,Quintana Roo,50.2879790192,57.2936742855,53.0111357327,32.8053278253,36.9769889455,52.840426725,46.8359615558,36.720298196,13.5213617035,8.3224446826,39.438211589
Rioverde-Ciudad Fernández,38,San Luis Potosí,63.6346997612,40.2278194169,48.792957736,39.3212463573,49.204483582,35.5953855528,37.2476397713,28.200205439,13.1640964057,11.7515434213,37.4053891313
San Luis Potosí-Soledad,37,San Luis Potosí,60.6820976623,46.9293155542,55.0112687424,40.6327790438,53.0052666684,48.379938245,49.8651652248,43.6683291756,30.8684949803,23.6525563769,45.9555906795
Los Mochis,69,Sinaloa,56.596700163,58.4263758796,55.5455787924,32.8970300861,53.9835858696,55.821713141,40.4393093916,32.5136807797,12.9322747564,18.8788830836,42.4093659075
Culiacán,70,Sinaloa,44.4604580143,68.6584304293,54.9068128997,36.664134938,68.015272144,52.7951883451,62.9619627139,36.4506733314,16.607519058,20.2903031164,47.0488998928
Mazatlán,71,Sinaloa,57.1139415374,60.474324646,54.1502653764,36.9612313833,60.035162154,53.6179397393,41.0908990024,42.6994191166,39.72553936,22.2199733084,47.5825755407
Ciudad Obregon ,72,Sonora,64.5436333042,52.7455091748,61.649056808,46.5282971155,63.6051410763,49.8069635115,42.6837371089,43.0286999092,20.8967021183,13.8530427134,46.9455828073
Guaymas,39,Sonora,66.8213261455,42.5798975973,45.7420030297,44.788320958,49.4432493317,50.690670562,33.4393135807,40.0763818559,37.0796647383,37.7223287916,44.8915390471
Hermosillo,73,Sonora,70.2079971473,44.6816160829,66.5137228795,23.7001364944,68.8414183031,48.9693474278,47.0366027225,45.6184088563,35.564720463,20.9157613193,48.7190622753
Cárdenas,74,Tabasco,60.4605550794,59.4067362533,41.7890829896,33.7901274635,34.7690499164,44.8611579478,27.6285784043,23.8674669765,11.3752396337,7.4994277163,34.8047299125
Villahermosa,40,Tabasco,62.8460148752,58.4363417934,56.8296001952,17.6083295349,49.1619519663,40.287100847,43.7250282189,31.7311573679,21.4645167851,12.1736325949,40.6018919641
Tampico-Pánuco,41,Tamaulipas,61.7173205,49.0033803467,53.3662508777,39.1891332211,48.0690354875,53.2650086677,40.3976359716,39.9746930871,32.5334281523,14.4175962892,43.8023173624
Matamoros,43,Tamaulipas,63.567942521,62.731825119,47.9916642815,26.4314729121,51.3502909173,54.3081644854,28.1249223651,42.5235852696,19.4143320015,6.3616381179,41.234436632
Nuevo Laredo,44,Tamaulipas,51.8302043922,59.4105269837,51.0490471836,9.2755487844,42.6298910213,49.9827484488,29.3951335314,31.1579899048,19.1105510616,14.6007864417,36.7319385568
Reynosa-Río Bravo,42,Tamaulipas,60.2041896605,56.7534033958,47.4756641806,34.9281780427,48.9194117671,52.1999722209,34.4077198787,34.0837944445,23.6671375976,12.7349803441,41.0784775486
Ciudad Victoria,75,Tamaulipas,67.7745050983,66.9744444479,52.8642591228,40.7927376537,50.767962313,54.0381981626,37.6298984335,43.9494146206,14.4497337596,9.9828001632,44.672409327
Tlaxcala-Apizaco,45,Tlaxcala,67.3054348009,53.3551079838,55.3097598743,45.9651318704,42.2633520614,42.7954750568,32.4974646193,36.5053282541,8.2159473108,14.5785409418,40.4209335715
Veracruz,46,Veracruz,63.7234378064,54.6129742384,56.8562622126,31.5478285902,51.7575181448,44.3623921377,49.1268380966,41.9772609086,17.934090561,14.0714601749,43.6519660834
Córdoba,52,Veracruz,63.6039341856,51.1865540994,46.1737082725,43.4286193095,45.2880499695,44.088366677,48.8382149154,36.3906105229,8.5511070817,9.9202884835,40.2842614452
Orizaba,49,Veracruz,59.1788989694,52.2321053167,54.3974111273,29.4029297308,47.4412552995,45.1750689262,37.9409288708,36.6164214575,8.5818850709,19.223724211,39.7984288216
Xalapa,47,Veracruz,62.2041985973,44.9177294216,56.7615132481,35.9464770772,52.0718130569,48.3717911637,44.9342816987,37.2482489441,10.3188019006,18.0432114871,41.8456577941
Poza Rica,48,Veracruz,60.04771747,46.3719098453,42.5906702491,33.3002849896,43.8329521336,46.2782595954,43.1543804993,30.0715882924,14.3635748429,6.5031035949,37.1879098282
Coatzacoalcos,51,Veracruz,62.604400429,50.9888315482,48.6363473485,35.0264773419,48.7153360586,55.6073933606,44.4809685619,41.0429272422,22.3268827018,8.2044366705,42.4578530207
Minatitlán,50,Veracruz,61.2180683876,46.0711244025,37.4350326405,38.3393243014,43.5249090301,53.3638584641,38.9755590778,36.322624979,11.5295166302,4.1292945458,37.4735072004
Mérida,53,Yucatán,70.3819810263,65.656263986,52.4330132773,45.4665013056,47.3841345851,45.4407630871,50.3286303911,37.8905416928,21.1864924091,16.5464507178,45.8095755476
Zacatecas-Guadalupe,54,Zacatecas,58.7155916659,45.1105882434,54.3695379432,55.1799521884,55.9530255471,48.4231007881,46.1677268228,49.3953079769,44.8523426099,12.6686724943,47.8459983495
